<?xml version="1.0" encoding="UTF-8"?>
<project-private xmlns="http://www.netbeans.org/ns/project-private/1">
    <editor-bookmarks xmlns="http://www.netbeans.org/ns/editor-bookmarks/2" lastBookmarkId="0"/>
    <open-files xmlns="http://www.netbeans.org/ns/projectui-open-files/2">
        <group>
            <file>file:/E:/Courses/Software%20Project/loginform/loginform/src/Modeling/Connector.java</file>
            <file>file:/E:/Courses/Software%20Project/loginform/loginform/src/Modeling/DBOperation.java</file>
            <file>file:/E:/Courses/Software%20Project/loginform/loginform/src/button/testing.java</file>
            <file>file:/E:/Courses/Software%20Project/loginform/loginform/src/Control/Entity.java</file>
            <file>file:/E:/Courses/Software%20Project/loginform/loginform/src/button/mybutton.java</file>
            <file>file:/E:/Courses/Software%20Project/loginform/loginform/src/Control/Pharmacist_operations.java</file>
            <file>file:/E:/Courses/Software%20Project/loginform/loginform/src/loginform/Signup.java</file>
            <file>file:/E:/Courses/Software%20Project/loginform/loginform/src/loginform/login.java</file>
            <file>file:/E:/Courses/Software%20Project/loginform/loginform/src/Modeling/Creat_Table.java</file>
            <file>file:/E:/Courses/Software%20Project/loginform/loginform/src/Modeling/Pharmacist_Model.java</file>
            <file>file:/E:/Courses/Software%20Project/loginform/loginform/src/loginform/rond.java</file>
            <file>file:/E:/Courses/Software%20Project/loginform/loginform/src/loginform/pharmacist.java</file>
        </group>
    </open-files>
</project-private>
